customer_id,customer_name,region,city,signup_date,age_group,gender
CUST0001,Priya Patel,South,Mysore,2022-05-17,46-60,Female
CUST0002,Nikhil Dubey,West,Ahmedabad,2022-05-26,60+,Female
CUST0003,Nikhil Dubey,West,Nagpur,2022-09-15,46-60,Male
CUST0004,Sunita Mishra,Central,Bhopal,2023-03-16,46-60,Male
CUST0005,Kavita Joshi,West,Mumbai,2022-02-17,18-25,Male
CUST0006,Ravi Chandra,West,Surat,2023-04-27,46-60,Female
CUST0007,Priya Patel,North,Chandigarh,2022-06-13,18-25,Male
CUST0008,Nikhil Dubey,South,Kochi,2022-11-12,26-35,Male
CUST0009,Anita Verma,Central,Indore,2022-09-12,36-45,Female
CUST0010,Vijay Singh,South,Bangalore,2023-09-09,36-45,Male
CUST0011,Sanjay Yadav,South,Hyderabad,2023-11-02,46-60,Male
CUST0012,Vijay Singh,North,Delhi,2022-06-23,36-45,Female
CUST0013,Ravi Chandra,North,Lucknow,2022-04-19,18-25,Male
CUST0014,Geeta Bhatt,Central,Varanasi,2022-12-08,36-45,Female
CUST0015,Arjun Reddy,South,Hyderabad,2022-04-10,46-60,Female
CUST0016,Meera Das,East,Ranchi,2023-07-28,26-35,Female
CUST0017,Swati Kapoor,East,Ranchi,2022-11-28,18-25,Male
CUST0018,Vijay Singh,West,Nagpur,2023-09-23,46-60,Female
CUST0019,Vijay Singh,West,Mumbai,2023-11-11,26-35,Male
CUST0020,Nikhil Dubey,East,Bhubaneswar,2022-01-11,46-60,Male
CUST0021,Kavita Joshi,East,Bhubaneswar,2023-06-07,60+,Female
CUST0022,Ravi Chandra,Central,Gwalior,2022-10-24,46-60,Male
CUST0023,Rekha Srivastava,Central,Gwalior,2022-01-22,46-60,Male
CUST0024,Ravi Chandra,Central,Indore,2022-08-17,46-60,Male
CUST0025,Sanjay Yadav,North,Lucknow,2023-08-16,18-25,Female
CUST0026,Rekha Srivastava,North,Delhi,2022-08-17,46-60,Female
CUST0027,Asha Pandey,West,Nagpur,2022-02-25,46-60,Female
CUST0028,Arjun Reddy,Central,Gwalior,2022-01-27,26-35,Male
CUST0029,Harish Agarwal,South,Kochi,2023-05-11,60+,Male
CUST0030,Rohan Mehta,East,Ranchi,2023-05-27,36-45,Male
CUST0031,Nikhil Dubey,Central,Gwalior,2022-12-16,26-35,Female
CUST0032,Mohit Saxena,South,Mysore,2023-04-08,18-25,Male
CUST0033,Pallavi Shah,Central,Varanasi,2023-05-21,26-35,Male
CUST0034,Rahul Sharma,Central,Bhopal,2022-09-16,18-25,Female
CUST0035,Anita Verma,South,Kochi,2023-10-23,60+,Female
CUST0036,Sneha Gupta,East,Kolkata,2022-09-28,26-35,Male
CUST0037,Nisha Trivedi,South,Bangalore,2022-02-04,60+,Female
CUST0038,Asha Pandey,East,Guwahati,2022-06-28,26-35,Male
CUST0039,Asha Pandey,East,Guwahati,2023-06-21,18-25,Male
CUST0040,Swati Kapoor,East,Bhubaneswar,2022-04-06,18-25,Female
CUST0041,Harish Agarwal,West,Ahmedabad,2023-02-11,46-60,Female
CUST0042,Kavita Joshi,West,Pune,2022-11-21,18-25,Female
CUST0043,Arjun Reddy,North,Jaipur,2022-03-13,46-60,Male
CUST0044,Anita Verma,North,Lucknow,2022-08-20,26-35,Male
CUST0045,Suresh Pillai,Central,Gwalior,2022-06-07,36-45,Female
CUST0046,Sneha Gupta,West,Surat,2022-10-08,18-25,Male
CUST0047,Harish Agarwal,East,Bhubaneswar,2022-02-08,18-25,Female
CUST0048,Deepak Tiwari,West,Ahmedabad,2022-05-07,46-60,Male
CUST0049,Rohan Mehta,West,Ahmedabad,2022-02-27,46-60,Female
CUST0050,Sanjay Yadav,East,Kolkata,2022-08-21,26-35,Female
CUST0051,Nikhil Dubey,South,Bangalore,2023-11-16,18-25,Female
CUST0052,Nisha Trivedi,North,Amritsar,2023-10-19,60+,Male
CUST0053,Sunita Mishra,South,Mysore,2022-07-26,18-25,Male
CUST0054,Amit Kumar,South,Chennai,2022-07-31,46-60,Male
CUST0055,Rekha Srivastava,East,Patna,2022-02-12,26-35,Female
CUST0056,Lakshmi Rao,North,Chandigarh,2023-09-27,36-45,Male
CUST0057,Meera Das,North,Chandigarh,2023-05-31,46-60,Male
CUST0058,Arjun Reddy,East,Kolkata,2022-05-22,60+,Female
CUST0059,Sunita Mishra,North,Jaipur,2023-11-22,26-35,Female
CUST0060,Asha Pandey,East,Guwahati,2023-05-27,60+,Male
CUST0061,Kiran Bose,North,Delhi,2023-10-23,26-35,Female
CUST0062,Meera Das,Central,Indore,2022-10-31,60+,Female
CUST0063,Arun Patil,West,Ahmedabad,2023-02-06,18-25,Male
CUST0064,Mohit Saxena,Central,Bhopal,2023-02-23,60+,Female
CUST0065,Geeta Bhatt,East,Bhubaneswar,2022-05-08,18-25,Male
CUST0066,Arun Patil,Central,Raipur,2022-08-06,18-25,Female
CUST0067,Arjun Reddy,North,Jaipur,2023-02-05,46-60,Female
CUST0068,Suresh Pillai,Central,Bhopal,2022-08-05,36-45,Male
CUST0069,Mohit Saxena,North,Chandigarh,2023-09-15,26-35,Male
CUST0070,Sanjay Yadav,North,Chandigarh,2022-08-06,60+,Female
CUST0071,Sanjay Yadav,South,Kochi,2023-09-27,46-60,Female
CUST0072,Pooja Nair,East,Patna,2022-02-14,60+,Female
CUST0073,Sanjay Yadav,East,Ranchi,2023-06-15,36-45,Male
CUST0074,Ravi Chandra,West,Mumbai,2022-11-10,26-35,Female
CUST0075,Deepak Tiwari,Central,Gwalior,2023-09-13,60+,Female
CUST0076,Harish Agarwal,Central,Gwalior,2022-11-08,36-45,Male
CUST0077,Priya Patel,West,Pune,2023-02-02,60+,Male
CUST0078,Harish Agarwal,Central,Raipur,2023-09-03,36-45,Male
CUST0079,Rekha Srivastava,East,Bhubaneswar,2022-04-18,60+,Male
CUST0080,Nisha Trivedi,South,Bangalore,2023-05-24,46-60,Female
CUST0081,Priya Patel,South,Mysore,2023-05-31,18-25,Female
CUST0082,Rahul Sharma,South,Chennai,2023-08-17,26-35,Male
CUST0083,Kiran Bose,South,Kochi,2023-04-05,18-25,Female
CUST0084,Ravi Chandra,South,Kochi,2023-08-16,26-35,Female
CUST0085,Asha Pandey,South,Hyderabad,2022-04-14,26-35,Female
CUST0086,Harish Agarwal,Central,Bhopal,2022-08-18,26-35,Female
CUST0087,Nisha Trivedi,South,Chennai,2022-05-24,36-45,Female
CUST0088,Pooja Nair,North,Delhi,2023-03-09,26-35,Female
CUST0089,Anita Verma,East,Bhubaneswar,2022-04-10,26-35,Male
CUST0090,Pallavi Shah,North,Lucknow,2022-11-05,36-45,Female
CUST0091,Arun Patil,Central,Raipur,2022-01-16,26-35,Female
CUST0092,Nikhil Dubey,West,Mumbai,2022-01-19,18-25,Female
CUST0093,Amit Kumar,Central,Bhopal,2023-05-22,18-25,Male
CUST0094,Lakshmi Rao,West,Nagpur,2023-05-17,26-35,Male
CUST0095,Harish Agarwal,Central,Raipur,2022-04-08,36-45,Female
CUST0096,Suresh Pillai,North,Chandigarh,2023-05-21,26-35,Male
CUST0097,Priya Patel,East,Bhubaneswar,2023-10-13,26-35,Female
CUST0098,Pooja Nair,North,Lucknow,2022-01-21,18-25,Male
CUST0099,Suresh Pillai,North,Amritsar,2022-12-17,46-60,Male
CUST0100,Rohan Mehta,East,Guwahati,2022-03-13,36-45,Female
CUST0101,Mohit Saxena,East,Kolkata,2022-03-28,26-35,Male
CUST0102,Kavita Joshi,East,Kolkata,2022-06-13,60+,Female
CUST0103,Swati Kapoor,Central,Varanasi,2023-03-15,46-60,Female
CUST0104,Kiran Bose,East,Patna,2023-02-13,60+,Male
CUST0105,Kavita Joshi,West,Pune,2022-06-04,18-25,Female
CUST0106,Pallavi Shah,Central,Bhopal,2023-02-21,60+,Female
CUST0107,Amit Kumar,South,Mysore,2023-08-16,60+,Male
CUST0108,Lakshmi Rao,Central,Bhopal,2022-03-10,36-45,Female
CUST0109,Nisha Trivedi,North,Amritsar,2023-04-26,18-25,Male
CUST0110,Nikhil Dubey,West,Pune,2023-09-29,26-35,Female
CUST0111,Suresh Pillai,West,Nagpur,2022-08-25,18-25,Female
CUST0112,Sanjay Yadav,West,Pune,2022-12-08,18-25,Male
CUST0113,Vijay Singh,South,Hyderabad,2023-10-10,26-35,Female
CUST0114,Meera Das,Central,Raipur,2023-11-19,46-60,Female
CUST0115,Vijay Singh,South,Chennai,2023-05-19,26-35,Female
CUST0116,Nikhil Dubey,Central,Indore,2023-09-11,26-35,Male
CUST0117,Kavita Joshi,South,Chennai,2022-11-10,18-25,Female
CUST0118,Deepak Tiwari,North,Jaipur,2023-09-22,36-45,Female
CUST0119,Divya Iyer,North,Jaipur,2023-08-26,26-35,Female
CUST0120,Nisha Trivedi,East,Patna,2022-01-28,36-45,Female
CUST0121,Divya Iyer,Central,Gwalior,2022-06-21,46-60,Male
CUST0122,Pallavi Shah,West,Nagpur,2022-04-08,26-35,Female
CUST0123,Harish Agarwal,South,Mysore,2023-11-23,18-25,Male
CUST0124,Asha Pandey,East,Kolkata,2022-07-09,36-45,Female
CUST0125,Amit Kumar,South,Mysore,2023-03-30,36-45,Female
CUST0126,Priya Patel,West,Ahmedabad,2022-11-01,18-25,Female
CUST0127,Sanjay Yadav,South,Bangalore,2022-10-23,26-35,Female
CUST0128,Kiran Bose,East,Bhubaneswar,2023-03-09,18-25,Female
CUST0129,Sanjay Yadav,North,Jaipur,2022-11-01,26-35,Male
CUST0130,Suresh Pillai,North,Chandigarh,2022-11-09,46-60,Female
CUST0131,Nikhil Dubey,West,Mumbai,2023-01-01,26-35,Male
CUST0132,Sunita Mishra,South,Kochi,2023-06-26,26-35,Female
CUST0133,Lakshmi Rao,East,Guwahati,2023-01-24,60+,Male
CUST0134,Lakshmi Rao,West,Surat,2022-07-09,36-45,Male
CUST0135,Anita Verma,East,Guwahati,2023-06-07,36-45,Male
CUST0136,Swati Kapoor,South,Mysore,2023-11-15,46-60,Female
CUST0137,Vijay Singh,North,Amritsar,2022-05-29,46-60,Male
CUST0138,Sanjay Yadav,South,Mysore,2023-09-20,60+,Female
CUST0139,Sunita Mishra,West,Nagpur,2023-09-07,36-45,Male
CUST0140,Pooja Nair,Central,Bhopal,2023-02-21,60+,Male
CUST0141,Swati Kapoor,South,Kochi,2022-12-22,46-60,Male
CUST0142,Pooja Nair,North,Delhi,2023-07-27,46-60,Female
CUST0143,Vijay Singh,South,Hyderabad,2023-06-18,46-60,Female
CUST0144,Amit Kumar,Central,Bhopal,2023-01-23,26-35,Female
CUST0145,Amit Kumar,West,Surat,2022-12-22,46-60,Male
CUST0146,Pallavi Shah,Central,Varanasi,2022-11-21,18-25,Male
CUST0147,Arjun Reddy,North,Lucknow,2022-04-24,36-45,Male
CUST0148,Rahul Sharma,Central,Varanasi,2023-05-29,46-60,Female
CUST0149,Arun Patil,West,Surat,2022-01-08,18-25,Female
CUST0150,Kiran Bose,Central,Indore,2022-01-17,26-35,Male
CUST0151,Kiran Bose,South,Chennai,2023-05-19,18-25,Female
CUST0152,Arun Patil,East,Bhubaneswar,2023-11-21,60+,Male
CUST0153,Geeta Bhatt,South,Kochi,2023-07-08,60+,Female
CUST0154,Nikhil Dubey,West,Pune,2022-07-26,36-45,Female
CUST0155,Divya Iyer,South,Bangalore,2022-06-16,60+,Male
CUST0156,Divya Iyer,East,Ranchi,2023-08-03,46-60,Male
CUST0157,Divya Iyer,Central,Gwalior,2023-01-08,26-35,Female
CUST0158,Arjun Reddy,North,Delhi,2022-02-28,36-45,Female
CUST0159,Pallavi Shah,North,Delhi,2023-02-13,46-60,Female
CUST0160,Divya Iyer,North,Amritsar,2023-06-10,18-25,Female
CUST0161,Anita Verma,Central,Raipur,2022-08-05,60+,Male
CUST0162,Deepak Tiwari,East,Ranchi,2022-09-10,26-35,Male
CUST0163,Mohit Saxena,East,Guwahati,2022-02-27,26-35,Male
CUST0164,Meera Das,North,Amritsar,2023-02-04,46-60,Male
CUST0165,Mohit Saxena,South,Mysore,2023-09-16,26-35,Male
CUST0166,Sunita Mishra,East,Ranchi,2023-09-13,46-60,Female
CUST0167,Swati Kapoor,West,Nagpur,2023-11-09,18-25,Female
CUST0168,Sneha Gupta,Central,Raipur,2022-09-22,60+,Male
CUST0169,Geeta Bhatt,West,Mumbai,2022-03-12,36-45,Male
CUST0170,Kavita Joshi,Central,Indore,2023-01-22,46-60,Female
CUST0171,Ravi Chandra,East,Bhubaneswar,2022-10-17,46-60,Female
CUST0172,Priya Patel,South,Chennai,2022-10-29,26-35,Female
CUST0173,Asha Pandey,West,Ahmedabad,2022-12-16,46-60,Female
CUST0174,Sneha Gupta,North,Lucknow,2022-12-25,46-60,Male
CUST0175,Nisha Trivedi,West,Mumbai,2023-09-03,46-60,Female
CUST0176,Divya Iyer,North,Jaipur,2023-06-08,46-60,Female
CUST0177,Rahul Sharma,West,Mumbai,2023-04-28,60+,Male
CUST0178,Kiran Bose,Central,Bhopal,2022-10-19,46-60,Male
CUST0179,Suresh Pillai,North,Lucknow,2023-07-09,18-25,Male
CUST0180,Sunita Mishra,West,Surat,2022-05-18,46-60,Male
CUST0181,Sneha Gupta,North,Amritsar,2023-09-21,46-60,Female
CUST0182,Mohit Saxena,West,Ahmedabad,2022-06-06,18-25,Female
CUST0183,Swati Kapoor,East,Patna,2023-10-31,46-60,Female
CUST0184,Ravi Chandra,Central,Gwalior,2023-07-03,36-45,Male
CUST0185,Meera Das,Central,Gwalior,2022-10-30,36-45,Male
CUST0186,Rahul Sharma,Central,Varanasi,2023-06-20,36-45,Male
CUST0187,Divya Iyer,East,Guwahati,2023-08-13,36-45,Female
CUST0188,Rohan Mehta,West,Nagpur,2022-03-09,36-45,Female
CUST0189,Ravi Chandra,West,Nagpur,2023-04-26,26-35,Male
CUST0190,Nisha Trivedi,East,Guwahati,2022-03-27,26-35,Male
CUST0191,Geeta Bhatt,South,Chennai,2022-06-15,46-60,Female
CUST0192,Sunita Mishra,South,Bangalore,2023-02-08,60+,Female
CUST0193,Lakshmi Rao,Central,Indore,2023-08-15,46-60,Female
CUST0194,Suresh Pillai,Central,Varanasi,2023-01-11,60+,Female
CUST0195,Swati Kapoor,East,Guwahati,2022-04-22,60+,Male
CUST0196,Divya Iyer,West,Pune,2022-09-30,18-25,Female
CUST0197,Harish Agarwal,North,Amritsar,2023-10-17,60+,Female
CUST0198,Sneha Gupta,East,Kolkata,2023-05-13,36-45,Female
CUST0199,Mohit Saxena,South,Hyderabad,2022-10-14,18-25,Female
CUST0200,Vijay Singh,North,Delhi,2022-02-05,60+,Male
CUST0201,Mohit Saxena,West,Pune,2023-03-20,60+,Female
CUST0202,Meera Das,Central,Varanasi,2022-06-16,46-60,Male
CUST0203,Anita Verma,South,Chennai,2023-01-24,26-35,Female
CUST0204,Amit Kumar,South,Mysore,2023-02-27,60+,Male
CUST0205,Rohan Mehta,East,Guwahati,2023-08-19,60+,Male
CUST0206,Rajesh Malhotra,South,Bangalore,2022-02-15,46-60,Female
CUST0207,Nikhil Dubey,Central,Gwalior,2023-04-05,26-35,Female
CUST0208,Sneha Gupta,West,Ahmedabad,2023-03-09,60+,Male
CUST0209,Pallavi Shah,East,Guwahati,2022-01-16,18-25,Male
CUST0210,Mohit Saxena,Central,Gwalior,2022-08-05,60+,Female
CUST0211,Pooja Nair,East,Kolkata,2023-01-27,36-45,Female
CUST0212,Lakshmi Rao,North,Delhi,2022-12-26,18-25,Male
CUST0213,Harish Agarwal,West,Surat,2022-12-22,26-35,Female
CUST0214,Priya Patel,South,Bangalore,2022-09-24,36-45,Female
CUST0215,Nikhil Dubey,West,Nagpur,2023-02-14,60+,Female
CUST0216,Anita Verma,Central,Indore,2022-06-05,26-35,Male
CUST0217,Arun Patil,North,Jaipur,2022-12-21,60+,Female
CUST0218,Pooja Nair,West,Mumbai,2022-11-01,36-45,Male
CUST0219,Amit Kumar,North,Amritsar,2023-11-06,18-25,Male
CUST0220,Vijay Singh,East,Kolkata,2023-01-23,60+,Female
CUST0221,Amit Kumar,South,Kochi,2022-01-29,36-45,Female
CUST0222,Deepak Tiwari,West,Surat,2023-10-20,18-25,Male
CUST0223,Sunita Mishra,West,Surat,2022-05-26,18-25,Male
CUST0224,Lakshmi Rao,West,Mumbai,2022-05-31,26-35,Male
CUST0225,Kiran Bose,East,Patna,2023-06-04,26-35,Female
CUST0226,Sunita Mishra,East,Ranchi,2023-07-07,18-25,Male
CUST0227,Rekha Srivastava,West,Surat,2023-01-02,60+,Male
CUST0228,Meera Das,South,Kochi,2022-06-17,26-35,Male
CUST0229,Asha Pandey,North,Jaipur,2022-03-06,18-25,Male
CUST0230,Kavita Joshi,North,Delhi,2023-01-08,18-25,Female
CUST0231,Sunita Mishra,South,Mysore,2022-09-24,46-60,Male
CUST0232,Deepak Tiwari,East,Ranchi,2022-03-15,36-45,Female
CUST0233,Arun Patil,North,Amritsar,2022-05-29,36-45,Female
CUST0234,Rahul Sharma,East,Guwahati,2023-08-04,36-45,Male
CUST0235,Pooja Nair,East,Patna,2022-04-26,46-60,Female
CUST0236,Meera Das,West,Surat,2022-04-02,60+,Female
CUST0237,Amit Kumar,South,Chennai,2022-06-24,26-35,Male
CUST0238,Divya Iyer,Central,Bhopal,2022-04-28,60+,Female
CUST0239,Amit Kumar,West,Mumbai,2022-07-18,26-35,Male
CUST0240,Arjun Reddy,West,Nagpur,2022-01-05,60+,Female
CUST0241,Kiran Bose,South,Kochi,2023-11-26,18-25,Female
CUST0242,Pallavi Shah,North,Delhi,2023-09-27,26-35,Male
CUST0243,Sunita Mishra,North,Delhi,2022-10-05,36-45,Male
CUST0244,Rekha Srivastava,West,Surat,2022-07-11,60+,Male
CUST0245,Kavita Joshi,Central,Bhopal,2022-10-05,26-35,Male
CUST0246,Asha Pandey,North,Lucknow,2023-08-23,18-25,Female
CUST0247,Lakshmi Rao,South,Chennai,2022-04-24,18-25,Female
CUST0248,Divya Iyer,West,Surat,2023-05-19,26-35,Male
CUST0249,Sneha Gupta,East,Bhubaneswar,2023-06-07,46-60,Female
CUST0250,Nikhil Dubey,North,Chandigarh,2023-06-13,36-45,Male
CUST0251,Sneha Gupta,North,Amritsar,2022-12-29,60+,Male
CUST0252,Anita Verma,South,Hyderabad,2023-08-23,26-35,Female
CUST0253,Geeta Bhatt,East,Patna,2022-01-29,46-60,Female
CUST0254,Swati Kapoor,North,Lucknow,2023-08-11,26-35,Male
CUST0255,Priya Patel,South,Mysore,2023-05-18,46-60,Female
CUST0256,Kiran Bose,Central,Bhopal,2023-07-19,26-35,Male
CUST0257,Geeta Bhatt,East,Patna,2023-08-26,18-25,Female
CUST0258,Anita Verma,South,Bangalore,2022-04-28,46-60,Male
CUST0259,Divya Iyer,East,Guwahati,2022-03-04,36-45,Male
CUST0260,Anita Verma,Central,Bhopal,2023-06-24,18-25,Female
CUST0261,Geeta Bhatt,North,Jaipur,2023-06-10,18-25,Female
CUST0262,Rohan Mehta,North,Lucknow,2022-08-18,60+,Female
CUST0263,Swati Kapoor,West,Pune,2022-06-03,36-45,Male
CUST0264,Rajesh Malhotra,North,Lucknow,2023-04-21,18-25,Male
CUST0265,Divya Iyer,West,Nagpur,2023-01-19,60+,Male
CUST0266,Lakshmi Rao,East,Kolkata,2023-05-20,26-35,Female
CUST0267,Anita Verma,Central,Gwalior,2022-01-02,36-45,Female
CUST0268,Pallavi Shah,Central,Gwalior,2023-07-05,18-25,Male
CUST0269,Vijay Singh,West,Mumbai,2023-10-28,26-35,Female
CUST0270,Anita Verma,North,Jaipur,2022-03-15,46-60,Female
CUST0271,Kiran Bose,North,Jaipur,2022-07-05,46-60,Male
CUST0272,Vijay Singh,South,Hyderabad,2022-03-23,18-25,Male
CUST0273,Anita Verma,West,Mumbai,2022-01-17,60+,Male
CUST0274,Asha Pandey,North,Chandigarh,2022-07-11,18-25,Male
CUST0275,Nikhil Dubey,East,Bhubaneswar,2023-10-15,18-25,Male
CUST0276,Geeta Bhatt,Central,Raipur,2022-03-10,36-45,Male
CUST0277,Rekha Srivastava,North,Delhi,2023-06-13,60+,Male
CUST0278,Priya Patel,South,Kochi,2022-08-25,18-25,Male
CUST0279,Suresh Pillai,Central,Indore,2023-08-05,60+,Female
CUST0280,Deepak Tiwari,South,Kochi,2023-04-18,18-25,Male
CUST0281,Pooja Nair,North,Chandigarh,2022-08-26,60+,Female
CUST0282,Deepak Tiwari,West,Mumbai,2023-08-25,18-25,Male
CUST0283,Mohit Saxena,West,Surat,2023-09-24,46-60,Female
CUST0284,Nikhil Dubey,South,Kochi,2023-04-13,18-25,Female
CUST0285,Geeta Bhatt,Central,Raipur,2022-06-02,36-45,Male
CUST0286,Sunita Mishra,Central,Bhopal,2022-07-12,60+,Female
CUST0287,Amit Kumar,East,Bhubaneswar,2022-05-06,46-60,Female
CUST0288,Asha Pandey,East,Patna,2022-05-05,60+,Female
CUST0289,Sanjay Yadav,East,Bhubaneswar,2023-11-19,26-35,Male
CUST0290,Sanjay Yadav,East,Kolkata,2022-06-29,36-45,Female
CUST0291,Nisha Trivedi,East,Kolkata,2022-01-10,60+,Male
CUST0292,Suresh Pillai,North,Delhi,2022-01-02,60+,Female
CUST0293,Asha Pandey,East,Patna,2022-09-07,18-25,Female
CUST0294,Mohit Saxena,Central,Gwalior,2023-03-20,36-45,Female
CUST0295,Asha Pandey,North,Jaipur,2023-11-28,26-35,Female
CUST0296,Lakshmi Rao,East,Guwahati,2023-05-26,36-45,Male
CUST0297,Arun Patil,Central,Gwalior,2022-05-02,46-60,Female
CUST0298,Kavita Joshi,Central,Raipur,2022-07-14,26-35,Female
CUST0299,Deepak Tiwari,West,Mumbai,2022-04-25,18-25,Male
CUST0300,Vijay Singh,West,Mumbai,2023-09-15,60+,Female
CUST0301,Arun Patil,East,Patna,2023-03-08,60+,Male
CUST0302,Meera Das,North,Amritsar,2022-04-01,36-45,Male
CUST0303,Pooja Nair,West,Nagpur,2022-04-28,60+,Male
CUST0304,Priya Patel,West,Ahmedabad,2022-10-12,36-45,Male
CUST0305,Nikhil Dubey,Central,Varanasi,2022-10-23,60+,Male
CUST0306,Pallavi Shah,South,Bangalore,2023-01-25,46-60,Male
CUST0307,Rahul Sharma,Central,Bhopal,2023-05-06,36-45,Female
CUST0308,Arjun Reddy,South,Chennai,2022-10-03,46-60,Female
CUST0309,Sunita Mishra,North,Chandigarh,2022-03-05,46-60,Female
CUST0310,Nisha Trivedi,West,Pune,2023-08-17,18-25,Female
CUST0311,Rohan Mehta,East,Patna,2023-07-01,60+,Male
CUST0312,Pallavi Shah,South,Hyderabad,2022-08-02,36-45,Female
CUST0313,Kavita Joshi,North,Chandigarh,2022-08-20,18-25,Female
CUST0314,Divya Iyer,Central,Raipur,2022-07-21,26-35,Male
CUST0315,Sanjay Yadav,South,Kochi,2023-08-04,26-35,Female
CUST0316,Sneha Gupta,East,Guwahati,2023-09-24,46-60,Male
CUST0317,Geeta Bhatt,West,Surat,2023-05-09,26-35,Male
CUST0318,Kavita Joshi,East,Ranchi,2023-05-25,18-25,Female
CUST0319,Suresh Pillai,South,Bangalore,2023-01-20,60+,Female
CUST0320,Meera Das,East,Patna,2022-12-30,36-45,Male
CUST0321,Swati Kapoor,Central,Indore,2023-06-18,36-45,Male
CUST0322,Sanjay Yadav,South,Kochi,2023-03-19,60+,Female
CUST0323,Pallavi Shah,East,Patna,2022-09-30,36-45,Male
CUST0324,Kiran Bose,West,Nagpur,2023-09-01,60+,Female
CUST0325,Arjun Reddy,South,Chennai,2022-06-15,60+,Male
CUST0326,Ravi Chandra,West,Pune,2022-01-06,60+,Male
CUST0327,Sneha Gupta,North,Amritsar,2023-05-17,26-35,Male
CUST0328,Ravi Chandra,South,Mysore,2022-07-13,18-25,Male
CUST0329,Nikhil Dubey,North,Delhi,2022-12-29,46-60,Female
CUST0330,Rajesh Malhotra,West,Pune,2023-11-13,26-35,Female
CUST0331,Meera Das,North,Delhi,2022-03-20,60+,Female
CUST0332,Ravi Chandra,North,Delhi,2022-09-07,46-60,Female
CUST0333,Nikhil Dubey,North,Jaipur,2023-08-30,36-45,Male
CUST0334,Pallavi Shah,East,Kolkata,2023-06-09,36-45,Male
CUST0335,Harish Agarwal,East,Guwahati,2023-05-15,26-35,Female
CUST0336,Kavita Joshi,North,Delhi,2023-06-09,60+,Female
CUST0337,Suresh Pillai,Central,Raipur,2022-03-07,46-60,Male
CUST0338,Anita Verma,South,Mysore,2022-11-17,36-45,Female
CUST0339,Mohit Saxena,South,Chennai,2023-03-09,46-60,Male
CUST0340,Kavita Joshi,South,Hyderabad,2022-05-31,18-25,Female
CUST0341,Rekha Srivastava,Central,Indore,2022-04-19,18-25,Male
CUST0342,Ravi Chandra,Central,Bhopal,2022-09-11,18-25,Female
CUST0343,Rahul Sharma,North,Chandigarh,2023-04-10,18-25,Male
CUST0344,Rajesh Malhotra,East,Ranchi,2022-03-31,36-45,Female
CUST0345,Meera Das,Central,Bhopal,2022-12-07,46-60,Male
CUST0346,Rajesh Malhotra,South,Chennai,2022-02-06,60+,Female
CUST0347,Ravi Chandra,West,Surat,2023-02-18,60+,Female
CUST0348,Rohan Mehta,East,Patna,2023-10-21,46-60,Female
CUST0349,Deepak Tiwari,East,Bhubaneswar,2023-09-18,36-45,Female
CUST0350,Mohit Saxena,West,Pune,2023-05-04,26-35,Male
CUST0351,Nisha Trivedi,South,Bangalore,2022-02-12,26-35,Male
CUST0352,Suresh Pillai,East,Kolkata,2023-01-26,46-60,Male
CUST0353,Pooja Nair,South,Chennai,2023-01-10,26-35,Male
CUST0354,Nisha Trivedi,North,Chandigarh,2023-10-11,60+,Male
CUST0355,Pooja Nair,Central,Bhopal,2022-01-04,18-25,Male
CUST0356,Ravi Chandra,South,Hyderabad,2022-05-18,18-25,Female
CUST0357,Sneha Gupta,Central,Gwalior,2023-05-22,36-45,Male
CUST0358,Kiran Bose,East,Patna,2023-03-03,46-60,Male
CUST0359,Priya Patel,West,Surat,2022-02-08,36-45,Male
CUST0360,Rohan Mehta,West,Surat,2023-01-12,18-25,Female
CUST0361,Divya Iyer,South,Chennai,2022-11-25,36-45,Female
CUST0362,Pallavi Shah,West,Pune,2022-05-10,26-35,Female
CUST0363,Arun Patil,West,Surat,2023-02-01,18-25,Male
CUST0364,Lakshmi Rao,Central,Raipur,2023-08-15,18-25,Male
CUST0365,Kiran Bose,South,Bangalore,2023-09-14,26-35,Female
CUST0366,Sneha Gupta,Central,Raipur,2022-04-14,36-45,Male
CUST0367,Geeta Bhatt,Central,Raipur,2023-09-30,36-45,Male
CUST0368,Pooja Nair,North,Amritsar,2023-09-12,46-60,Female
CUST0369,Rahul Sharma,West,Nagpur,2022-09-14,46-60,Female
CUST0370,Rekha Srivastava,East,Patna,2023-09-04,36-45,Female
CUST0371,Mohit Saxena,Central,Varanasi,2023-04-19,36-45,Female
CUST0372,Nisha Trivedi,West,Mumbai,2022-06-14,26-35,Female
CUST0373,Priya Patel,North,Delhi,2022-12-02,26-35,Male
CUST0374,Rahul Sharma,Central,Raipur,2022-01-26,18-25,Female
CUST0375,Lakshmi Rao,North,Jaipur,2022-06-18,60+,Female
CUST0376,Rahul Sharma,South,Bangalore,2022-06-01,18-25,Female
CUST0377,Arun Patil,South,Chennai,2022-02-13,60+,Female
CUST0378,Sanjay Yadav,South,Chennai,2022-07-11,18-25,Male
CUST0379,Swati Kapoor,East,Kolkata,2023-11-21,60+,Female
CUST0380,Suresh Pillai,West,Nagpur,2023-05-02,26-35,Female
CUST0381,Rekha Srivastava,North,Chandigarh,2023-04-02,26-35,Male
CUST0382,Nikhil Dubey,North,Jaipur,2022-08-20,36-45,Female
CUST0383,Harish Agarwal,North,Chandigarh,2023-02-04,18-25,Female
CUST0384,Sanjay Yadav,West,Nagpur,2023-05-25,60+,Female
CUST0385,Pallavi Shah,South,Hyderabad,2022-06-16,36-45,Female
CUST0386,Geeta Bhatt,South,Hyderabad,2022-11-28,60+,Female
CUST0387,Arjun Reddy,North,Lucknow,2022-04-18,36-45,Male
CUST0388,Nisha Trivedi,West,Mumbai,2022-10-23,26-35,Female
CUST0389,Rajesh Malhotra,South,Hyderabad,2022-08-29,18-25,Female
CUST0390,Arun Patil,Central,Varanasi,2022-02-03,46-60,Female
CUST0391,Nisha Trivedi,North,Lucknow,2022-11-04,26-35,Female
CUST0392,Ravi Chandra,North,Jaipur,2023-08-16,26-35,Male
CUST0393,Arjun Reddy,West,Surat,2023-08-11,18-25,Male
CUST0394,Divya Iyer,East,Kolkata,2023-06-26,60+,Male
CUST0395,Rohan Mehta,West,Nagpur,2022-12-14,60+,Female
CUST0396,Sanjay Yadav,East,Patna,2022-01-07,36-45,Male
CUST0397,Kiran Bose,Central,Raipur,2022-09-02,46-60,Male
CUST0398,Lakshmi Rao,East,Guwahati,2023-05-30,18-25,Female
CUST0399,Asha Pandey,West,Pune,2022-11-17,18-25,Female
CUST0400,Mohit Saxena,North,Amritsar,2022-08-31,36-45,Female
CUST0401,Anita Verma,North,Jaipur,2023-01-07,36-45,Female
CUST0402,Rekha Srivastava,West,Mumbai,2022-05-08,36-45,Male
CUST0403,Arjun Reddy,Central,Bhopal,2022-09-04,26-35,Female
CUST0404,Kavita Joshi,Central,Varanasi,2023-07-11,26-35,Female
CUST0405,Vijay Singh,North,Delhi,2022-05-07,18-25,Female
CUST0406,Pooja Nair,East,Ranchi,2023-06-17,18-25,Female
CUST0407,Rahul Sharma,West,Surat,2023-01-04,26-35,Female
CUST0408,Rohan Mehta,Central,Bhopal,2023-09-28,46-60,Female
CUST0409,Nisha Trivedi,West,Pune,2022-11-14,60+,Male
CUST0410,Kiran Bose,West,Mumbai,2023-01-18,36-45,Female
CUST0411,Rohan Mehta,West,Nagpur,2022-02-10,36-45,Female
CUST0412,Harish Agarwal,East,Patna,2022-07-16,46-60,Male
CUST0413,Rohan Mehta,South,Bangalore,2023-09-07,26-35,Male
CUST0414,Rekha Srivastava,South,Bangalore,2022-02-17,60+,Male
CUST0415,Rekha Srivastava,North,Delhi,2022-08-11,60+,Female
CUST0416,Rohan Mehta,West,Nagpur,2022-01-27,18-25,Female
CUST0417,Geeta Bhatt,West,Nagpur,2023-09-08,60+,Male
CUST0418,Nikhil Dubey,Central,Varanasi,2023-07-20,46-60,Male
CUST0419,Swati Kapoor,West,Surat,2023-03-17,60+,Female
CUST0420,Mohit Saxena,South,Chennai,2022-04-01,46-60,Female
CUST0421,Sunita Mishra,North,Amritsar,2022-08-07,26-35,Male
CUST0422,Lakshmi Rao,South,Chennai,2022-10-28,60+,Male
CUST0423,Swati Kapoor,North,Lucknow,2022-02-25,36-45,Female
CUST0424,Sunita Mishra,South,Chennai,2022-10-14,46-60,Female
CUST0425,Rekha Srivastava,West,Pune,2023-06-12,36-45,Male
CUST0426,Arjun Reddy,Central,Indore,2023-05-14,26-35,Female
CUST0427,Rahul Sharma,Central,Bhopal,2022-12-11,26-35,Female
CUST0428,Pooja Nair,Central,Gwalior,2023-02-28,26-35,Male
CUST0429,Rohan Mehta,North,Chandigarh,2022-08-19,18-25,Male
CUST0430,Sneha Gupta,North,Amritsar,2022-05-19,46-60,Female
CUST0431,Swati Kapoor,North,Delhi,2023-05-18,26-35,Female
CUST0432,Nikhil Dubey,East,Patna,2023-01-08,36-45,Male
CUST0433,Sneha Gupta,East,Ranchi,2022-04-05,46-60,Female
CUST0434,Pooja Nair,North,Chandigarh,2023-01-31,46-60,Male
CUST0435,Pooja Nair,East,Bhubaneswar,2023-02-26,46-60,Female
CUST0436,Mohit Saxena,North,Lucknow,2023-10-07,18-25,Male
CUST0437,Deepak Tiwari,North,Delhi,2022-02-24,26-35,Female
CUST0438,Sunita Mishra,East,Kolkata,2022-07-27,36-45,Female
CUST0439,Swati Kapoor,East,Ranchi,2023-08-30,36-45,Female
CUST0440,Vijay Singh,East,Patna,2022-06-03,46-60,Female
CUST0441,Amit Kumar,South,Kochi,2023-05-16,60+,Male
CUST0442,Divya Iyer,North,Chandigarh,2023-03-29,26-35,Female
CUST0443,Divya Iyer,West,Surat,2022-08-18,26-35,Female
CUST0444,Sanjay Yadav,South,Chennai,2022-11-11,60+,Male
CUST0445,Priya Patel,Central,Bhopal,2022-02-01,18-25,Male
CUST0446,Anita Verma,East,Kolkata,2022-03-15,26-35,Female
CUST0447,Kiran Bose,West,Mumbai,2023-02-03,46-60,Male
CUST0448,Rekha Srivastava,East,Ranchi,2023-01-15,46-60,Female
CUST0449,Pooja Nair,East,Kolkata,2022-04-10,26-35,Female
CUST0450,Pooja Nair,Central,Indore,2022-04-06,46-60,Male
CUST0451,Sanjay Yadav,West,Pune,2022-03-21,60+,Female
CUST0452,Rekha Srivastava,North,Lucknow,2023-04-30,60+,Male
CUST0453,Meera Das,South,Kochi,2022-04-24,46-60,Male
CUST0454,Deepak Tiwari,West,Ahmedabad,2023-08-26,60+,Male
CUST0455,Kiran Bose,South,Chennai,2023-06-28,26-35,Female
CUST0456,Pooja Nair,Central,Bhopal,2022-11-10,36-45,Female
CUST0457,Ravi Chandra,North,Jaipur,2022-09-02,26-35,Male
CUST0458,Sunita Mishra,North,Amritsar,2023-05-04,18-25,Male
CUST0459,Anita Verma,Central,Raipur,2022-06-24,60+,Female
CUST0460,Lakshmi Rao,South,Bangalore,2022-10-27,60+,Female
CUST0461,Sanjay Yadav,South,Hyderabad,2022-11-10,46-60,Male
CUST0462,Kiran Bose,East,Patna,2023-05-08,36-45,Female
CUST0463,Ravi Chandra,East,Kolkata,2022-09-13,18-25,Male
CUST0464,Amit Kumar,North,Lucknow,2022-05-11,26-35,Male
CUST0465,Amit Kumar,Central,Raipur,2023-08-22,36-45,Male
CUST0466,Rohan Mehta,South,Kochi,2023-07-29,60+,Female
CUST0467,Priya Patel,West,Nagpur,2023-11-04,60+,Male
CUST0468,Vijay Singh,South,Chennai,2023-01-16,18-25,Male
CUST0469,Rekha Srivastava,South,Mysore,2022-12-03,26-35,Male
CUST0470,Pallavi Shah,East,Patna,2023-08-13,36-45,Female
CUST0471,Rahul Sharma,West,Pune,2022-03-23,46-60,Female
CUST0472,Rekha Srivastava,Central,Bhopal,2022-02-27,18-25,Male
CUST0473,Sanjay Yadav,South,Kochi,2022-02-25,46-60,Male
CUST0474,Deepak Tiwari,North,Delhi,2022-10-27,18-25,Female
CUST0475,Kavita Joshi,South,Kochi,2023-01-02,46-60,Female
CUST0476,Rekha Srivastava,East,Patna,2023-01-19,18-25,Female
CUST0477,Arun Patil,South,Chennai,2022-01-06,18-25,Female
CUST0478,Nikhil Dubey,East,Patna,2023-06-04,46-60,Female
CUST0479,Suresh Pillai,East,Ranchi,2022-04-03,36-45,Male
CUST0480,Kiran Bose,West,Ahmedabad,2022-12-10,18-25,Female
CUST0481,Geeta Bhatt,South,Mysore,2023-02-01,36-45,Male
CUST0482,Arun Patil,North,Chandigarh,2023-03-21,18-25,Male
CUST0483,Swati Kapoor,West,Mumbai,2022-11-08,46-60,Male
CUST0484,Mohit Saxena,South,Chennai,2023-09-14,36-45,Female
CUST0485,Sneha Gupta,South,Mysore,2023-02-20,36-45,Male
CUST0486,Pooja Nair,West,Ahmedabad,2022-04-11,60+,Male
CUST0487,Sanjay Yadav,East,Kolkata,2022-01-29,60+,Female
CUST0488,Deepak Tiwari,South,Bangalore,2023-11-12,60+,Female
CUST0489,Rahul Sharma,South,Kochi,2023-09-23,46-60,Male
CUST0490,Ravi Chandra,Central,Bhopal,2023-10-07,60+,Female
CUST0491,Asha Pandey,Central,Gwalior,2023-03-13,36-45,Male
CUST0492,Sneha Gupta,South,Bangalore,2023-07-24,46-60,Male
CUST0493,Suresh Pillai,Central,Gwalior,2022-03-20,36-45,Female
CUST0494,Nikhil Dubey,East,Ranchi,2023-11-29,18-25,Female
CUST0495,Amit Kumar,West,Surat,2022-11-25,46-60,Female
CUST0496,Rekha Srivastava,North,Amritsar,2023-06-23,46-60,Female
CUST0497,Geeta Bhatt,West,Nagpur,2023-07-02,36-45,Male
CUST0498,Asha Pandey,West,Pune,2022-01-24,26-35,Female
CUST0499,Harish Agarwal,South,Mysore,2023-01-10,46-60,Female
CUST0500,Amit Kumar,North,Lucknow,2022-10-23,18-25,Female